title,year,runtime,imdb_rating,description,genre,actors,director,writer,language,country,imdb_id
The Shawshank Redemption,1994,142 min,9.3,A wrongfully convicted banker forms a close friendship with a hardened convict over a quarter century while retaining his humanity through simple acts of compassion.,Drama,"Tim Robbins, Morgan Freeman, Bob Gunton",Frank Darabont,"Stephen King, Frank Darabont",English,United States,tt0111161
The Godfather,1972,175 min,9.2,The aging patriarch of an organized crime dynasty transfers control of his clandestine empire to his reluctant son.,"Crime, Drama","Marlon Brando, Al Pacino, James Caan",Francis Ford Coppola,"Mario Puzo, Francis Ford Coppola","English, Italian, Latin",United States,tt0068646
The Dark Knight,2008,152 min,9.1,"When a menace known as the Joker wreaks havoc and chaos on the people of Gotham, Batman, James Gordon and Harvey Dent must work together to put an end to the madness.","Action, Crime, Drama","Christian Bale, Heath Ledger, Aaron Eckhart",Christopher Nolan,"Jonathan Nolan, Christopher Nolan, David S. Goyer","English, Mandarin","United States, United Kingdom",tt0468569
The Godfather Part II,1974,202 min,9.0,"The early life and career of Vito Corleone in 1920s New York City is portrayed, while his son, Michael, expands and tightens his grip on the family crime syndicate.","Crime, Drama","Al Pacino, Robert De Niro, Robert Duvall",Francis Ford Coppola,"Francis Ford Coppola, Mario Puzo","English, Italian, Spanish, Latin, Sicilian",United States,tt0071562
12 Angry Men,1957,96 min,9.0,The jury in a New York City murder trial is frustrated by a single member whose skeptical caution forces them to more carefully consider the evidence before jumping to a hasty verdict.,"Crime, Drama","Henry Fonda, Lee J. Cobb, Martin Balsam",Sidney Lumet,Reginald Rose,English,United States,tt0050083
The Lord of the Rings: The Return of the King,2003,201 min,9.0,Gandalf and Aragorn lead the World of Men against Sauron's army to draw his gaze from Frodo and Sam as they approach Mount Doom with the One Ring.,"Adventure, Drama, Fantasy","Elijah Wood, Viggo Mortensen, Ian McKellen",Peter Jackson,"J.R.R. Tolkien, Fran Walsh, Philippa Boyens","English, Quenya, Old English, Sindarin","New Zealand, United States",tt0167260
Schindler's List,1994,195 min,9.0,"In German-occupied Poland during World War II, industrialist Oskar Schindler gradually becomes concerned for his Jewish workforce after witnessing their persecution by the Nazis.","Biography, Drama, History","Liam Neeson, Ralph Fiennes, Ben Kingsley",Steven Spielberg,"Thomas Keneally, Steven Zaillian","English, Hebrew, German, Polish, Latin",United States,tt0108052
The Lord of the Rings: The Fellowship of the Ring,2001,178 min,8.9,A meek Hobbit from the Shire and eight companions set out on a journey to destroy the powerful One Ring and save Middle-earth from the Dark Lord Sauron.,"Adventure, Drama, Fantasy","Elijah Wood, Ian McKellen, Orlando Bloom",Peter Jackson,"J.R.R. Tolkien, Fran Walsh, Philippa Boyens","English, Sindarin","New Zealand, United States",tt0120737
Pulp Fiction,1994,154 min,8.8,"The lives of two mob hitmen, a boxer, a gangster and his wife, and a pair of diner bandits intertwine in four tales of violence and redemption.","Crime, Drama","John Travolta, Uma Thurman, Samuel L. Jackson",Quentin Tarantino,"Quentin Tarantino, Roger Avary","English, Spanish, French",United States,tt0110912
"The Good, the Bad and the Ugly",1967,178 min,8.8,A bounty-hunting scam joins two men in an uneasy alliance against a third in a race to find a fortune in gold buried in a remote cemetery.,"Adventure, Drama, Western","Clint Eastwood, Eli Wallach, Lee Van Cleef",Sergio Leone,"Luciano Vincenzoni, Sergio Leone, Agenore Incrocci","English, Italian","Italy, Spain, West Germany, United States",tt0060196
The Lord of the Rings: The Two Towers,2002,179 min,8.8,"While Frodo and Sam edge closer to Mordor with the help of the shifty Gollum, the divided fellowship makes a stand against Sauron's new ally, Saruman, and his hordes of Isengard.","Adventure, Drama, Fantasy","Elijah Wood, Ian McKellen, Viggo Mortensen",Peter Jackson,"J.R.R. Tolkien, Fran Walsh, Philippa Boyens","English, Sindarin, Old English","New Zealand, United States",tt0167261
Forrest Gump,1994,142 min,8.8,"The history of the United States from the 1950s to the '70s unfolds from the perspective of an Alabama man with an IQ of 75, who yearns to be reunited with his childhood sweetheart.","Drama, Romance","Tom Hanks, Robin Wright, Gary Sinise",Robert Zemeckis,"Winston Groom, Eric Roth",English,United States,tt0109830
Fight Club,1999,139 min,8.8,An insomniac office worker and a devil-may-care soap maker form an underground fight club that evolves into much more.,"Crime, Drama, Thriller","Brad Pitt, Edward Norton, Meat Loaf",David Fincher,"Chuck Palahniuk, Jim Uhls",English,"United States, Germany",tt0137523
Inception,2010,148 min,8.8,"A thief who steals corporate secrets through the use of dream-sharing technology is given the inverse task of planting an idea into the mind of a CEO, but his tragic past may doom the project and his team to disaster.","Action, Adventure, Sci-Fi","Leonardo DiCaprio, Joseph Gordon-Levitt, Elliot Page",Christopher Nolan,Christopher Nolan,"English, Japanese, French","United Kingdom, United States",tt1375666
Star Wars: Episode V - The Empire Strikes Back,1980,124 min,8.7,"After the Empire overpowers the Rebel Alliance, Luke Skywalker begins training with Jedi Master Yoda, while Darth Vader and bounty hunter Boba Fett pursue his friends across the galaxy.","Action, Adventure, Fantasy","Mark Hamill, Harrison Ford, Carrie Fisher",Irvin Kershner,"Leigh Brackett, Lawrence Kasdan, George Lucas",English,United States,tt0080684
The Matrix,1999,136 min,8.7,"When a beautiful stranger leads computer hacker Neo to a forbidding underworld, he discovers the shocking truth--the life he knows is the elaborate deception of an evil cyber-intelligence.","Action, Sci-Fi","Keanu Reeves, Laurence Fishburne, Carrie-Anne Moss","Lana Wachowski, Lilly Wachowski","Lilly Wachowski, Lana Wachowski",English,"United States, Australia",tt0133093
GoodFellas,1990,145 min,8.7,"The story of Henry Hill and his life in the mafia, covering his relationship with his wife Karen and his mob partners Jimmy Conway and Tommy DeVito.","Biography, Crime, Drama","Robert De Niro, Ray Liotta, Joe Pesci",Martin Scorsese,"Nicholas Pileggi, Martin Scorsese","English, Italian, Hebrew, Yiddish",United States,tt0099685
Interstellar,2014,169 min,8.7,"When Earth becomes uninhabitable in the future, a farmer and ex-NASA pilot, Joseph Cooper, is tasked to pilot a spacecraft, along with a team of researchers, to find a new planet for humans.","Adventure, Drama, Sci-Fi","Matthew McConaughey, Anne Hathaway, Jessica Chastain",Christopher Nolan,"Jonathan Nolan, Christopher Nolan",English,"United States, United Kingdom, Canada",tt0816692
One Flew Over the Cuckoo's Nest,1975,133 min,8.6,"A rebellious convict is sent to a psychiatric hospital for evaluation in 1963 Oregon, and encourages his docile companions to take more control of their lives and defy the tyrannical head nurse.",Drama,"Jack Nicholson, Louise Fletcher, Michael Berryman",Miloš Forman,"Lawrence Hauben, Bo Goldman, Ken Kesey",English,United States,tt0073486
Seven,1995,127 min,8.6,Two detectives try to track down a serial killer who chooses his victims based on the Seven Deadly Sins.,"Crime, Drama, Mystery","Morgan Freeman, Brad Pitt, Kevin Spacey",David Fincher,Andrew Kevin Walker,English,United States,tt0114369
It's a Wonderful Life,1946,130 min,8.6,An angel is sent from Heaven to help a desperately frustrated businessman see the value of his own life.,"Drama, Family, Fantasy","James Stewart, Donna Reed, Lionel Barrymore",Frank Capra,"Frances Goodrich, Albert Hackett, Frank Capra","English, French",United States,tt0038650
The Silence of the Lambs,1991,118 min,8.6,"A young F.B.I. cadet must receive the help of an incarcerated and manipulative cannibal killer to help catch another serial killer, a madman who skins his victims.","Crime, Drama, Horror","Jodie Foster, Anthony Hopkins, Scott Glenn",Jonathan Demme,"Thomas Harris, Ted Tally","English, Latin",United States,tt0102926
Saving Private Ryan,1998,169 min,8.6,"Following the Normandy Landings, a group of U.S. soldiers go behind enemy lines to retrieve a paratrooper whose comrades have been killed in action.","Drama, War","Tom Hanks, Matt Damon, Tom Sizemore",Steven Spielberg,Robert Rodat,"English, French, German, Czech",United States,tt0120815
Seven Samurai,1954,207 min,8.6,"Farmers from a village exploited by bandits hire a veteran samurai for protection, and he gathers six other samurai to join him.","Action, Drama","Toshirô Mifune, Takashi Shimura, Keiko Tsushima",Akira Kurosawa,"Akira Kurosawa, Shinobu Hashimoto, Hideo Oguni",Japanese,Japan,tt0047478
The Green Mile,1999,189 min,8.6,A death row guard learns that a gentle giant in his charge possesses a mysterious gift.,"Crime, Drama, Fantasy","Tom Hanks, Michael Clarke Duncan, David Morse",Frank Darabont,"Stephen King, Frank Darabont","English, French",United States,tt0120689
City of God,2004,130 min,8.6,"In the slums of Rio, two kids' paths diverge as one struggles to become a photographer and the other a kingpin.","Crime, Drama","Alexandre Rodrigues, Leandro Firmino, Matheus Nachtergaele","Kátia Lund, Fernando Meirelles","Bráulio Mantovani, Paulo Lins",Portuguese,Brazil,tt0317248
Life Is Beautiful,1997,116 min,8.6,"When an open-minded Jewish waiter and his son become victims of the Holocaust, he uses a perfect mixture of will, humor and imagination to protect his son from the dangers around their camp.","Comedy, Drama, Romance","Roberto Benigni, Nicoletta Braschi, Giorgio Cantarini",Roberto Benigni,"Vincenzo Cerami, Roberto Benigni","Italian, German, English",Italy,tt0118799
Terminator 2: Judgment Day,1991,137 min,8.6,"A cyborg from the future, identical to the one who failed to kill Sarah Connor, must now protect her ten-year-old son John from an even more advanced and powerful cyborg.","Action, Adventure, Sci-Fi","Arnold Schwarzenegger, Linda Hamilton, Edward Furlong",James Cameron,"James Cameron, William Wisher","English, Spanish","United States, France",tt0103064
Back to the Future,1985,116 min,8.5,"Marty McFly, a 17-year-old high school student, is accidentally sent 30 years into the past in a time-traveling DeLorean invented by his close friend, the maverick scientist Doc Brown.","Adventure, Comedy, Sci-Fi","Michael J. Fox, Christopher Lloyd, Lea Thompson",Robert Zemeckis,"Robert Zemeckis, Bob Gale",English,United States,tt0088763
Star Wars: Episode IV - A New Hope,1977,121 min,8.6,"Luke Skywalker joins forces with a Jedi Knight, a cocky pilot, a Wookiee and two droids to save the galaxy from the Empire's world-destroying battle station, while also attempting to rescue Princess Leia from the mysterious Darth ...","Action, Adventure, Fantasy","Mark Hamill, Harrison Ford, Carrie Fisher",George Lucas,George Lucas,English,United States,tt0076759
Kill Bill: The Whole Bloody Affair,2025,253 min,8.8,"A female assassin seeks revenge on her former lover and squad members, all of whom left her for dead.","Action, Crime, Thriller","Vivica A. Fox, Ambrosia Kelley, Michael Parks",Quentin Tarantino,"Quentin Tarantino, Uma Thurman","English, Japanese, Mandarin, French, Cantonese, Spanish",United States,tt6019206
Spirited Away,2003,124 min,8.6,"During her family's move to the suburbs, a sullen 10-year-old girl wanders into a world ruled by gods, witches and spirits, and where humans are changed into beasts.","Animation, Adventure, Family","Miyu Irino, Rumi Hiiragi, Mari Natsuki",Hayao Miyazaki,Hayao Miyazaki,"Japanese, English","Japan, United States",tt0245429
Gladiator,2000,155 min,8.5,A former Roman General sets out to exact vengeance against the corrupt emperor who murdered his family and sent him into slavery.,"Action, Adventure, Drama","Russell Crowe, Joaquin Phoenix, Connie Nielsen",Ridley Scott,"David Franzoni, John Logan, William Nicholson",English,"United States, United Kingdom, Malta, Morocco",tt0172495
The Pianist,2003,150 min,8.5,"During WWII, acclaimed Polish musician Wladyslaw faces various struggles as he loses contact with his family. As the situation worsens, he hides in the ruins of Warsaw in order to survive.","Biography, Drama, Music","Adrien Brody, Thomas Kretschmann, Frank Finlay",Roman Polanski,"Ronald Harwood, Wladyslaw Szpilman","English, German, Russian","France, Poland, Germany, United Kingdom, United States",tt0253474
Parasite,2019,132 min,8.5,Greed and class discrimination threaten the newly formed symbiotic relationship between the wealthy Park family and the destitute Kim clan.,"Drama, Thriller","Song Kang-ho, Lee Sun-kyun, Cho Yeo-jeong",Bong Joon Ho,"Bong Joon Ho, Han Jin-won","Korean, English",South Korea,tt6751668
Grave of the Fireflies,1989,88 min,8.5,A young boy and his little sister struggle to survive in Japan during World War II.,"Animation, Drama, War","Tsutomu Tatsumi, Ayano Shiraishi, Akemi Yamaguchi",Isao Takahata,"Akiyuki Nosaka, Isao Takahata",Japanese,Japan,tt0095327
Psycho,1960,109 min,8.5,A secretary on the run for embezzlement takes refuge at a secluded California motel owned by a repressed man and his overbearing mother.,"Drama, Horror, Mystery","Anthony Perkins, Janet Leigh, Vera Miles",Alfred Hitchcock,"Joseph Stefano, Robert Bloch",English,United States,tt0054215
The Lion King,1994,88 min,8.5,"Lion prince Simba and his father are targeted by his bitter uncle, who wants to ascend the throne himself.","Animation, Adventure, Drama","Matthew Broderick, Jeremy Irons, James Earl Jones","Roger Allers, Rob Minkoff","Irene Mecchi, Jonathan Roberts, Linda Woolverton","English, Swahili, Xhosa, Zulu",United States,tt0110357
Harakiri,1964,133 min,8.6,"When a ronin requesting seppuku at a feudal lord's palace is told of the brutal suicide of another ronin who previously visited, he reveals how their pasts are intertwined - and in doing so challenges the clan's integrity.","Drama, Mystery","Tatsuya Nakadai, Akira Ishihama, Shima Iwashita",Masaki Kobayashi,"Yasuhiko Takiguchi, Shinobu Hashimoto",Japanese,Japan,tt0056058
The Departed,2006,151 min,8.5,An undercover cop and a mole in the police attempt to identify each other while infiltrating an Irish gang in South Boston.,"Crime, Drama, Thriller","Leonardo DiCaprio, Matt Damon, Jack Nicholson",Martin Scorsese,"William Monahan, Alan Mak, Felix Chong","English, Cantonese","United States, Hong Kong",tt0407887
Whiplash,2014,106 min,8.5,A promising young drummer enrolls at a cut-throat music conservatory where his dreams of greatness are mentored by an instructor who will stop at nothing to realize a student's potential.,"Drama, Music","Miles Teller, J.K. Simmons, Melissa Benoist",Damien Chazelle,Damien Chazelle,English,United States,tt2582802
The Prestige,2006,130 min,8.5,"Two friends and fellow magicians become bitter enemies after a sudden tragedy. As they devote themselves to this rivalry, they make sacrifices that bring them fame but, with terrible consequences.","Drama, Mystery, Sci-Fi","Christian Bale, Hugh Jackman, Scarlett Johansson",Christopher Nolan,"Jonathan Nolan, Christopher Nolan, Christopher Priest",English,"United Kingdom, United States",tt0482571
American History X,1998,119 min,8.5,A European-American man is released from prison and now a changed man and hopes to prevent his younger brother from following in his footsteps.,"Crime, Drama","Edward Norton, Edward Furlong, Beverly D'Angelo",Tony Kaye,David McKenna,English,United States,tt0120586
Léon: The Professional,1994,110 min,8.5,"When her family is murdered by a group of corrupt officers led by the tyrannical Norman Stansfield, a young 12-year-old girl enlists the help of an Italian-American hitman to seek revenge.","Action, Crime, Drama","Jean Reno, Gary Oldman, Natalie Portman",Luc Besson,Luc Besson,"English, Italian, French","France, United States",tt0110413
Spider-Man: Across the Spider-Verse,2023,140 min,8.5,"Traveling across the multiverse, Miles Morales meets a new team of Spider-People, made up of heroes from different dimensions. But when the heroes clash over how to deal with a new threat, Miles finds himself at a crossroads.","Animation, Action, Adventure","Shameik Moore, Hailee Steinfeld, Brian Tyree Henry","Joaquim Dos Santos, Kemp Powers, Justin K. Thompson","Phil Lord, Christopher Miller, Dave Callaham",English,United States,tt9362722
Cinema Paradiso,1990,174 min,8.5,"Salvatore, a famous film director, returns to his hometown for the funeral of the local theater's film projectionist, Alfredo. He reminisces about his life as a young boy falling in love with cinema.","Drama, Romance","Philippe Noiret, Enzo Cannavale, Antonella Attili",Giuseppe Tornatore,"Giuseppe Tornatore, Vanna Paoli",Italian,"Italy, France",tt0095765
Casablanca,1943,102 min,8.5,A cynical expatriate American cafe owner struggles to decide whether or not to help his former lover and her fugitive husband escape the Nazis in French Morocco.,"Drama, Romance, War","Humphrey Bogart, Ingrid Bergman, Paul Henreid",Michael Curtiz,"Philip G. Epstein, Julius J. Epstein, Howard Koch","English, French, German, Italian, Russian",United States,tt0034583
The Intouchables,2011,112 min,8.5,"After he becomes a quadriplegic from a paragliding accident, an aristocrat hires a young man from the projects to be his caregiver.","Comedy, Drama","François Cluzet, Omar Sy, Anne Le Ny","Olivier Nakache, Éric Toledano","Olivier Nakache, Éric Toledano, Philippe Pozzo di Borgo","French, English",France,tt1675434
The Usual Suspects,1995,106 min,8.5,The sole survivor of a pier shoot-out tells the story of how a notorious criminal influenced the events that began with five criminals meeting in a seemingly random police lineup.,"Crime, Drama, Mystery","Kevin Spacey, Gabriel Byrne, Chazz Palminteri",Bryan Singer,Christopher McQuarrie,"English, Hungarian, Spanish, French","United States, Germany",tt0114814
Django Unchained,2012,165 min,8.5,"With the help of a German bounty-hunter, a freed slave sets out to rescue his wife from a brutal plantation owner in Mississippi.","Drama, Western","Jamie Foxx, Christoph Waltz, Leonardo DiCaprio",Quentin Tarantino,Quentin Tarantino,"English, German, French, Italian",United States,tt1853728
Alien,1979,117 min,8.5,"After investigating a mysterious transmission of unknown origin, the crew of a commercial spacecraft encounters a deadly lifeform.","Horror, Sci-Fi","Sigourney Weaver, Tom Skerritt, John Hurt",Ridley Scott,"Dan O'Bannon, Ronald Shusett",English,"United Kingdom, United States",tt0078748
Rear Window,1954,112 min,8.5,A bored photographer recovering from a broken leg passes the time by watching his neighbors and begins to suspect one of them of murder.,"Drama, Mystery, Thriller","James Stewart, Grace Kelly, Wendell Corey",Alfred Hitchcock,"John Michael Hayes, Cornell Woolrich",English,United States,tt0047396
Modern Times,1936,87 min,8.5,The Tramp struggles to live in modern industrial society with the help of a young homeless woman.,"Comedy, Drama, Romance","Charles Chaplin, Paulette Goddard, Henry Bergman",Charles Chaplin,Charles Chaplin,English,United States,tt0027977
Once Upon a Time in the West,1969,145 min,8.5,A mysterious stranger with a harmonica teams up with a notorious desperado to protect a beautiful widow and her land from a ruthless assassin in the employ of a railroad tycoon.,"Drama, Western","Henry Fonda, Charles Bronson, Claudia Cardinale",Sergio Leone,"Sergio Donati, Sergio Leone, Dario Argento","English, Spanish, Italian","Italy, United States",tt0064116
City Lights,1931,87 min,8.5,"With the aid of a wealthy erratic tippler, a dewy-eyed tramp who has fallen in love with a blind flower girl accumulates money to be able to help her medically.","Comedy, Drama, Romance","Charles Chaplin, Virginia Cherrill, Florence Lee",Charles Chaplin,"Charles Chaplin, Harry Carr, Harry Crocker","None, English",United States,tt0021749
Apocalypse Now,1979,147 min,8.4,A U.S. Army officer serving in Vietnam is tasked with assassinating a renegade Special Forces Colonel who sees himself as a god.,"Drama, Mystery, War","Martin Sheen, Marlon Brando, Robert Duvall",Francis Ford Coppola,"John Milius, Francis Ford Coppola, Michael Herr","English, French, Vietnamese",United States,tt0078788
WALL·E,2008,98 min,8.4,"A robot who is responsible for cleaning a waste-covered Earth meets another robot and falls in love with her. Together, they set out on a journey that will alter the fate of mankind.","Animation, Adventure, Family","Ben Burtt, Elissa Knight, Jeff Garlin",Andrew Stanton,"Andrew Stanton, Jim Reardon, Pete Docter",English,"United States, Japan",tt0910970
Memento,2001,113 min,8.4,A former insurance investigator who now suffers from anterograde amnesia uses notes and tattoos to hunt down his wife's murderer.,"Drama, Mystery, Thriller","Guy Pearce, Carrie-Anne Moss, Joe Pantoliano",Christopher Nolan,"Christopher Nolan, Jonathan Nolan",English,United States,tt0209144
Dune: Part Two,2024,166 min,8.4,"Paul Atreides unites with the Fremen while on a warpath of revenge against the conspirators who destroyed his family. Facing a choice between the love of his life and the fate of the universe, he endeavors to prevent a terrible fu...","Action, Adventure, Drama","Timothée Chalamet, Zendaya, Rebecca Ferguson",Denis Villeneuve,"Denis Villeneuve, Jon Spaihts, Frank Herbert",English,"United States, Canada, United Arab Emirates, Hungary, Italy, New Zealand, Jordan, Gambia",tt15239678
Avengers: Infinity War,2018,149 min,8.4,The Avengers and their allies must be willing to sacrifice all in an attempt to defeat the powerful Thanos before his blitz of devastation and ruin puts an end to the universe.,"Action, Adventure, Sci-Fi","Robert Downey Jr., Chris Hemsworth, Mark Ruffalo","Anthony Russo, Joe Russo","Christopher Markus, Stephen McFeely, Stan Lee",English,"United States, Norway",tt4154756
Raiders of the Lost Ark,1981,115 min,8.4,"In 1936, archaeologist Indiana Jones is tasked by Army Intelligence to help locate a legendary ancient power, the Ark of Covenant, before the Nazis get it first.","Action, Adventure","Harrison Ford, Karen Allen, Paul Freeman",Steven Spielberg,"Lawrence Kasdan, George Lucas, Philip Kaufman","English, German, Spanish, Nepali, Hebrew, Arabic",United States,tt0082971
The Lives of Others,2006,137 min,8.4,"In 1984 East Berlin, an agent of the secret police conducting surveillance on a writer and his lover finds himself becoming increasingly absorbed by their lives.","Drama, Mystery, Thriller","Ulrich Mühe, Martina Gedeck, Sebastian Koch",Florian Henckel von Donnersmarck,Florian Henckel von Donnersmarck,German,"Germany, France",tt0405094
Spider-Man: Into the Spider-Verse,2018,117 min,8.4,Teen Miles Morales becomes the Spider-Man of his universe and must join with five spider-powered individuals from other dimensions to stop a threat for all realities.,"Animation, Action, Adventure","Shameik Moore, Jake Johnson, Hailee Steinfeld","Bob Persichetti, Peter Ramsey, Rodney Rothman","Phil Lord, Rodney Rothman","English, Spanish","Canada, United States",tt4633694
Sunset Boulevard,1950,110 min,8.4,A screenwriter develops a dangerous relationship with a faded film star determined to make a triumphant return.,"Drama, Film-Noir","William Holden, Gloria Swanson, Erich von Stroheim",Billy Wilder,"Charles Brackett, Billy Wilder, D.M. Marshman Jr.",English,United States,tt0043014
Witness for the Prosecution,1957,116 min,8.4,A veteran British barrister must defend his client in a murder trial that has surprise after surprise.,"Crime, Drama, Mystery","Tyrone Power, Marlene Dietrich, Charles Laughton",Billy Wilder,"Agatha Christie, Billy Wilder, Harry Kurnitz","English, German",United States,tt0051201
Paths of Glory,1957,88 min,8.4,A colonel defends three of his soldiers in a court-martial after they abandon a suicidal attack.,"Drama, War","Kirk Douglas, Ralph Meeker, Adolphe Menjou",Stanley Kubrick,"Stanley Kubrick, Calder Willingham, Jim Thompson","English, German, Latin",United States,tt0050825
The Shining,1980,146 min,8.4,"A family heads to an isolated hotel for the winter, where a sinister presence influences the father into violence. At the same time, his psychic son sees horrifying forebodings from both the past and the future.","Drama, Horror","Jack Nicholson, Shelley Duvall, Danny Lloyd",Stanley Kubrick,"Stephen King, Stanley Kubrick, Diane Johnson",English,"United Kingdom, United States",tt0081505
The Great Dictator,1940,125 min,8.4,Dictator Adenoid Hynkel tries to expand his empire while a poor Jewish barber tries to avoid persecution from Hynkel's regime.,"Comedy, Drama, War","Charles Chaplin, Paulette Goddard, Jack Oakie",Charles Chaplin,Charles Chaplin,"English, Esperanto, Latin",United States,tt0032553
Inglourious Basterds,2009,153 min,8.4,"In Nazi-occupied France during World War II, a plan to assassinate Nazi leaders by a group of Jewish U.S. soldiers coincides with a theatre owner's vengeful plans for the same.","Adventure, Drama, War","Brad Pitt, Diane Kruger, Eli Roth",Quentin Tarantino,Quentin Tarantino,"English, German, French, Italian","United States, Germany",tt0361748
Aliens,1986,137 min,8.4,"Decades after surviving the Nostromo incident, Ellen Ripley is sent out to re-establish contact with a terraforming colony but finds herself battling the Alien Queen and her offspring.","Action, Adventure, Horror","Sigourney Weaver, Michael Biehn, Carrie Henn",James Cameron,"James Cameron, David Giler, Walter Hill","English, Spanish","United Kingdom, United States",tt0090605
12th Fail,2023,147 min,8.7,The real-life story of IPS Officer Manoj Kumar Sharma and IRS Officer Shraddha Joshi.,"Biography, Drama","Vikrant Massey, Medha Shankr, Anant Joshi",Vidhu Vinod Chopra,"Vidhu Vinod Chopra, Jaskunwar Kohli, Anurag Pathak","Hindi, English",India,tt23849204
High and Low,1963,143 min,8.4,An executive of a Yokohama shoe company becomes a victim of extortion when his chauffeur's son is kidnapped by mistake and held for ransom.,"Crime, Drama, Mystery","Toshirô Mifune, Yutaka Sada, Tatsuya Nakadai",Akira Kurosawa,"Hideo Oguni, Ryûzô Kikushima, Eijirô Hisaita",Japanese,Japan,tt0057565
Avengers: Endgame,2019,181 min,8.4,"After the devastating events of Avengers: Infinity War (2018), the universe is in ruins. With the help of remaining allies, the Avengers assemble once more in order to reverse Thanos' actions and restore balance to the universe.","Action, Adventure, Sci-Fi","Robert Downey Jr., Chris Evans, Mark Ruffalo","Anthony Russo, Joe Russo","Christopher Markus, Stephen McFeely, Stan Lee","English, Japanese, Xhosa, German",United States,tt4154796
Good Will Hunting,1998,126 min,8.4,"A therapist counsels Will Hunting, a janitor with a genius IQ.","Drama, Romance","Robin Williams, Matt Damon, Ben Affleck",Gus Van Sant,"Matt Damon, Ben Affleck",English,United States,tt0119217
The Dark Knight Rises,2012,164 min,8.4,"Bane, an imposing terrorist, attacks Gotham City and disrupts its eight-year-long period of peace. This forces Bruce Wayne to come out of hiding and don the cape and cowl of Batman again.","Action, Crime, Drama","Christian Bale, Tom Hardy, Anne Hathaway",Christopher Nolan,"Jonathan Nolan, Christopher Nolan, David S. Goyer","English, Arabic","United Kingdom, United States",tt1345836
Coco,2017,105 min,8.4,"Aspiring musician Miguel, confronted with his family's ancestral ban on music, enters the Land of the Dead to find his great-great-grandfather, a legendary singer.","Animation, Adventure, Drama","Anthony Gonzalez, Gael García Bernal, Benjamin Bratt","Adrian Molina, Lee Unkrich","Adrian Molina, Matthew Aldrich, Lee Unkrich","English, Spanish","United States, Mexico",tt2380307
Amadeus,1984,160 min,8.4,"The life and work of Wolfgang Amadeus Mozart seen through the eyes of his contemporary and rival, Antonio Salieri.","Biography, Drama, Music","F. Murray Abraham, Tom Hulce, Elizabeth Berridge",Milos Forman,"Peter Shaffer, Zdenek Mahler","English, Italian, Latin, German, French","United States, France",tt0086879
Toy Story,1995,81 min,8.3,"A cowboy doll is profoundly jealous when a new spaceman action figure supplants him as the top toy in a boy's bedroom. When circumstances separate them from their owner, the duo have to put aside their differences to return to him.","Animation, Adventure, Comedy","Tom Hanks, Tim Allen, Don Rickles",John Lasseter,"Joss Whedon, Andrew Stanton, Joel Cohen",English,United States,tt0114709
Your Name.,2016,106 min,8.4,"Two teenagers share a profound, magical connection upon discovering they are swapping bodies. Things manage to become even more complicated when the boy and girl decide to meet in person.","Animation, Drama, Fantasy","Ryûnosuke Kamiki, Mone Kamishiraishi, Ryo Narita",Makoto Shinkai,Makoto Shinkai,Japanese,Japan,tt5311514
Das Boot,1981,149 min,8.4,A German U-boat stalks the frigid waters of the North Atlantic as its young crew experience the sheer terror and claustrophobic life of a submariner in World War II.,"Drama, War","Jürgen Prochnow, Herbert Grönemeyer, Klaus Wennemann",Wolfgang Petersen,"Lothar G. Buchheim, Wolfgang Petersen","German, English, French",West Germany,tt0082096
Braveheart,1995,178 min,8.3,Scottish warrior William Wallace leads his countrymen in a rebellion to free his homeland from the tyranny of King Edward I of England.,"Biography, Drama, War","Mel Gibson, Sophie Marceau, Patrick McGoohan",Mel Gibson,Randall Wallace,"English, French, Latin, Gaelic, Italian",United States,tt0112573
Princess Mononoke,1997,133 min,8.3,"While seeking to cure himself of a curse, young warrior Ashitaka stumbles into a conflict between the people of Iron Town and Princess Mononoke, a girl raised by wolves, who will stop at nothing to prevent the destruction of her h...","Animation, Adventure, Fantasy","Yôji Matsuda, Yuriko Ishida, Yûko Tanaka",Hayao Miyazaki,Hayao Miyazaki,Japanese,Japan,tt0119698
Oldboy,2003,120 min,8.3,"After being kidnapped and imprisoned for fifteen years, Oh Dae-Su is released, only to find that he must track down his captor in five days.","Action, Drama, Mystery","Choi Min-sik, Yoo Ji-tae, Kang Hye-jeong",Park Chan-wook,"Garon Tsuchiya, Nobuaki Minegishi, Park Chan-wook",Korean,South Korea,tt0364569
Dr. Strangelove or: How I Learned to Stop Worrying and Love the Bomb,1964,95 min,8.3,"A mentally unstable American general orders a hydrogen bomb attack on the Soviet Union, triggering a path to global nuclear holocaust that a war room full of politicians and generals frantically tries to stop.","Comedy, War","Peter Sellers, George C. Scott, Sterling Hayden",Stanley Kubrick,"Stanley Kubrick, Terry Southern, Peter George","English, Russian",United Kingdom,tt0057012
3 Idiots,2009,170 min,8.4,"Two friends are searching for their long lost companion. They revisit their college days and recall the memories of their friend who inspired them to think differently, even as the rest of the world called them ""idiots"".","Comedy, Drama","Aamir Khan, Madhavan, Mona Singh",Rajkumar Hirani,"Abhijat Joshi, Rajkumar Hirani, Vidhu Vinod Chopra","Hindi, English",India,tt1187043
American Beauty,1999,122 min,8.3,A sexually frustrated suburban father has a mid-life crisis after becoming infatuated with his daughter's best friend.,Drama,"Kevin Spacey, Annette Bening, Thora Birch",Sam Mendes,Alan Ball,English,United States,tt0169547
Capernaum,2018,126 min,8.4,"While serving a five-year sentence for a violent crime, a 12-year-old boy sues his parents for neglect.",Drama,"Zain Al Rafeea, Yordanos Shifera, Boluwatife Treasure Bankole",Nadine Labaki,"Nadine Labaki, Jihad Hojeily, Michelle Keserwany","Arabic, Amharic","Lebanon, United States, France, Cyprus, Qatar, United Kingdom",tt8267604
Singin' in the Rain,1952,103 min,8.3,A silent film star falls for a chorus girl just as he and his delusionally jealous screen partner are trying to make the difficult transition to talking pictures in 1920s Hollywood.,"Comedy, Musical, Romance","Gene Kelly, Donald O&apos;Connor, Debbie Reynolds","Stanley Donen, Gene Kelly","Betty Comden, Adolph Green",English,United States,tt0045152
Joker,2019,122 min,8.3,"Arthur Fleck, a party clown and a failed stand-up comedian, leads an impoverished life with his ailing mother. However, when society shuns him and brands him as a freak, he decides to embrace the life of chaos in Gotham City.","Crime, Drama, Thriller","Joaquin Phoenix, Robert De Niro, Zazie Beetz",Todd Phillips,"Todd Phillips, Scott Silver, Bob Kane","English, German","United States, Canada, Australia",tt7286456
Once Upon a Time in America,1984,229 min,8.3,"A former Prohibition-era Jewish gangster returns to the Lower East Side of Manhattan 35 years later, where he must once again confront the ghosts and regrets of his old life.","Crime, Drama","Robert De Niro, James Woods, Elizabeth McGovern",Sergio Leone,"Harry Grey, Leonardo Benvenuti, Piero De Bernardi","English, Italian, French, Yiddish, Hebrew","Italy, United States",tt0087843
Star Wars: Episode VI - Return of the Jedi,1983,131 min,8.3,"After rescuing Han Solo from Jabba the Hutt, the Rebel Alliance attempts to destroy the second Death Star while Luke struggles to help Darth Vader back from the dark side.","Action, Adventure, Fantasy","Mark Hamill, Harrison Ford, Carrie Fisher",Richard Marquand,"Lawrence Kasdan, George Lucas","English, Kikuyu, Tagalog, Kalmyk-Oirat, Quechua, Polish",United States,tt0086190
Come and See,1985,142 min,8.3,"After finding an old rifle, a young boy joins the Soviet resistance movement against ruthless German forces and experiences the horrors of World War II.","Drama, Thriller, War","Aleksey Kravchenko, Olga Mironova, Liubomiras Laucevicius",Elem Klimov,"Ales Adamovich, Elem Klimov","Russian, Belarusian, German",Soviet Union,tt0091251
Toy Story 3,2010,103 min,8.3,"The toys are mistakenly delivered to a day-care center instead of the attic right before Andy leaves for college, and it's up to Woody to convince the other toys that they weren't abandoned and to return home.","Animation, Adventure, Comedy","Tom Hanks, Tim Allen, Joan Cusack",Lee Unkrich,"Michael Arndt, John Lasseter, Andrew Stanton","English, Spanish",United States,tt0435761
Requiem for a Dream,2000,102 min,8.3,The drug-induced utopias of four Coney Island people are shattered when their addictions run deep.,Drama,"Ellen Burstyn, Jared Leto, Jennifer Connelly",Darren Aronofsky,"Hubert Selby Jr., Darren Aronofsky",English,United States,tt0180093
Ikiru,1952,143 min,8.3,A bureaucrat tries to find meaning in his life after he discovers he has terminal cancer.,Drama,"Takashi Shimura, Nobuo Kaneko, Shin'ichi Himori",Akira Kurosawa,"Akira Kurosawa, Shinobu Hashimoto, Hideo Oguni","Japanese, Latin, English, French",Japan,tt0044741
The Hunt,2012,115 min,8.3,"A teacher lives a lonely life, all the while struggling over his son's custody. His life slowly gets better as he finds love and receives good news from his son, but his new luck is about to be brutally shattered by an innocent li...",Drama,"Mads Mikkelsen, Thomas Bo Larsen, Annika Wedderkopp",Thomas Vinterberg,"Thomas Vinterberg, Tobias Lindholm","Danish, English, Polish","Denmark, Sweden, Belgium, France",tt2106476
Incendies,2010,131 min,8.3,Twins journey to the Middle East to discover their family history and fulfill their mother's last wishes.,"Drama, Mystery, War","Lubna Azabal, Mélissa Désormeaux-Poulin, Maxim Gaudette",Denis Villeneuve,"Wajdi Mouawad, Denis Villeneuve, Valérie Beaugrand-Champagne","French, Arabic, English","Canada, France",tt1255953
Eternal Sunshine of the Spotless Mind,2004,108 min,8.3,"When their relationship turns sour, a couple undergoes a medical procedure to have each other erased from their memories forever.","Drama, Romance, Sci-Fi","Jim Carrey, Kate Winslet, Tom Wilkinson",Michel Gondry,"Charlie Kaufman, Michel Gondry, Pierre Bismuth",English,United States,tt0338013
The Apartment,1960,125 min,8.3,"A Manhattan insurance clerk tries to rise in his company by letting its executives use his apartment for trysts, but office politics and his own romantic hopes complicate matters.","Comedy, Drama, Romance","Jack Lemmon, Shirley MacLaine, Fred MacMurray",Billy Wilder,"Billy Wilder, I.A.L. Diamond",English,United States,tt0053604
Lawrence of Arabia,1962,227 min,8.3,"The story of T.E. Lawrence, the English officer who successfully united and led the diverse, often warring, Arab tribes during World War I in order to fight the Turks.","Adventure, Biography, Drama","Peter O'Toole, Alec Guinness, Anthony Quinn",David Lean,"Robert Bolt, Michael Wilson","English, Arabic, Turkish","United Kingdom, United States",tt0056172
Heat,1995,170 min,8.3,A group of high-end professional thieves start to feel the heat from the LAPD when they unknowingly leave a verbal clue at their latest heist.,"Action, Crime, Drama","Al Pacino, Robert De Niro, Val Kilmer",Michael Mann,Michael Mann,"English, Spanish",United States,tt0113277
Scarface,1983,170 min,8.3,"In the 1980s, a determined criminal-minded Cuban immigrant becomes the biggest drug smuggler in Miami, and is eventually undone by his own drug addiction.","Crime, Drama","Al Pacino, Michelle Pfeiffer, Steven Bauer",Brian De Palma,"Oliver Stone, Howard Hawks, Ben Hecht","English, Spanish",United States,tt0086250
Reservoir Dogs,1992,99 min,8.3,"When a simple jewelry heist goes horribly wrong, the surviving criminals begin to suspect that one of them is a police informant.","Crime, Thriller","Harvey Keitel, Tim Roth, Michael Madsen",Quentin Tarantino,"Quentin Tarantino, Roger Avary",English,United States,tt0105236
2001: A Space Odyssey,1968,149 min,8.3,"When a mysterious artifact is uncovered on the Moon, a spacecraft manned by two humans and one supercomputer is sent to Jupiter to find its origins.","Adventure, Sci-Fi","Keir Dullea, Gary Lockwood, William Sylvester",Stanley Kubrick,"Stanley Kubrick, Arthur C. Clarke","English, Russian, French","United Kingdom, United States",tt0062622
Up,2009,96 min,8.3,"78-year-old Carl Fredricksen travels to South America in his house equipped with balloons, inadvertently taking a young stowaway.","Animation, Adventure, Comedy","Edward Asner, Jordan Nagai, John Ratzenberger","Pete Docter, Bob Peterson","Bob Peterson, Pete Docter, Tom McCarthy",English,United States,tt1049413
Double Indemnity,1944,107 min,8.3,"An insurance representative is seduced by a dissatisfied housewife into a scheme of insurance fraud and murder that arouses the suspicion of his colleague, a claims investigator.","Crime, Drama, Film-Noir","Fred MacMurray, Barbara Stanwyck, Edward G. Robinson",Billy Wilder,"Billy Wilder, Raymond Chandler, James M. Cain",English,United States,tt0036775
North by Northwest,1959,136 min,8.3,"A New York City advertising executive goes on the run after being mistaken for a government agent by a group of foreign spies, and falls for a woman whose loyalties he begins to doubt.","Adventure, Drama, Mystery","Cary Grant, Eva Marie Saint, James Mason",Alfred Hitchcock,Ernest Lehman,"English, French",United States,tt0053125
Like Stars on Earth,2007,162 min,8.3,A young boy is thought to be nothing but a lazy troublemaker until the new art teacher has the patience and compassion to discover the real problem behind his struggles in school.,"Drama, Family","Darsheel Safary, Aamir Khan, Tisca Chopra",Aamir Khan,Amole Gupte,"Hindi, English",India,tt0986264
Full Metal Jacket,1987,116 min,8.2,A pragmatic U.S. Marine observes the dehumanizing effects the Vietnam War has on his fellow recruits from their brutal boot camp training to the bloody street fighting in Hue.,"Drama, War","Matthew Modine, R. Lee Ermey, Vincent D&apos;Onofrio",Stanley Kubrick,"Stanley Kubrick, Michael Herr, Gustav Hasford","English, Vietnamese","United Kingdom, United States",tt0093058
M,1931,99 min,8.3,"When the police in a German city are unable to catch a child-murderer, other criminals join in the manhunt.","Crime, Mystery, Thriller","Peter Lorre, Ellen Widmann, Inge Landgut",Fritz Lang,"Thea von Harbou, Fritz Lang, Egon Jacobsohn",German,Germany,tt0022100
Amélie,2002,122 min,8.3,"Despite being caught in her imaginative world, young waitress Amelie decides to help people find happiness. Her quest to spread joy leads her on a journey during which she finds true love.","Comedy, Romance","Audrey Tautou, Mathieu Kassovitz, Rufus",Jean-Pierre Jeunet,"Guillaume Laurant, Jean-Pierre Jeunet","French, Russian, English","France, Germany",tt0211915
A Separation,2011,123 min,8.3,A married couple are faced with a difficult decision - to improve the life of their child by moving to another country or to stay in Iran and look after a deteriorating parent who has Alzheimer's disease.,Drama,"Payman Maadi, Leila Hatami, Sareh Bayat",Asghar Farhadi,Asghar Farhadi,Persian,"Iran, France, Australia",tt1832382
Vertigo,1958,128 min,8.2,"A former San Francisco police detective juggles wrestling with his personal demons and becoming obsessed with the hauntingly beautiful woman he has been hired to trail, who may be deeply disturbed.","Mystery, Romance, Thriller","James Stewart, Kim Novak, Barbara Bel Geddes",Alfred Hitchcock,"Alec Coppel, Samuel A. Taylor, Pierre Boileau",English,United States,tt0052357
Citizen Kane,1941,119 min,8.2,"Following the death of publishing tycoon Charles Foster Kane, reporters scramble to uncover the meaning of his final utterance: 'Rosebud.'","Drama, Mystery","Orson Welles, Joseph Cotten, Dorothy Comingore",Orson Welles,"Herman J. Mankiewicz, Orson Welles, Roger Q. Denny","English, Italian",United States,tt0033467
Die Hard,1988,132 min,8.2,"A New York City cop, John McClane, tries to save his estranged wife and several others taken hostage by terrorists during a Christmas Eve party at the Nakatomi Plaza Skyscraper in Los Angeles, California.","Action, Thriller","Bruce Willis, Alan Rickman, Bonnie Bedelia",John McTiernan,"Roderick Thorp, Jeb Stuart, Steven E. de Souza","English, German, Italian, Japanese",United States,tt0095016
To Kill a Mockingbird,1962,129 min,8.2,A widowed lawyer in Depression-era Alabama defends a black man against a false rape charge while teaching his young children about the sad reality of prejudice.,"Crime, Drama","Gregory Peck, John Megna, Frank Overton",Robert Mulligan,"Harper Lee, Horton Foote",English,United States,tt0056592
Indiana Jones and the Last Crusade,1989,127 min,8.2,"In 1938, after his father goes missing while pursuing the Holy Grail, Indiana Jones finds himself up against the Nazis again to stop them from obtaining its powers.","Action, Adventure","Harrison Ford, Sean Connery, Alison Doody",Steven Spielberg,"Jeffrey Boam, George Lucas, Menno Meyjes","English, German, Greek, Latin, Italian","United States, United Kingdom, Spain, Italy, Jordan",tt0097576
The Sting,1973,129 min,8.2,Two grifters team up to pull off the ultimate con.,"Comedy, Crime, Drama","Paul Newman, Robert Redford, Robert Shaw",George Roy Hill,David S. Ward,English,United States,tt0070735
A Clockwork Orange,1971,136 min,8.2,Alex DeLarge and his droogs barbarize a decaying near-future.,"Crime, Sci-Fi","Malcolm McDowell, Patrick Magee, Michael Bates",Stanley Kubrick,"Stanley Kubrick, Anthony Burgess",English,"United Kingdom, United States",tt0066921
I Swear,2026,120 min,8.4,"John Davidson: diagnosed with Tourette's syndrome at a young age which alienated him from his peers, he struggled with a condition few people had witnessed.","Biography, Drama","Robert Aramayo, Maxine Peake, Somerled Campbell",Kirk Jones,Kirk Jones,English,United Kingdom,tt31514146
Metropolis,1927,153 min,8.2,"In a futuristic city sharply divided between the working class and the city planners, the son of the city's mastermind falls in love with a working-class prophet who predicts the coming of a savior to mediate their differences.","Drama, Sci-Fi","Brigitte Helm, Alfred Abel, Gustav Fröhlich",Fritz Lang,"Thea von Harbou, Fritz Lang","German, None",Germany,tt0017136
1917,2020,119 min,8.2,"April 6th, 1917. As an infantry battalion assembles to wage war deep in enemy territory, two soldiers are assigned to race against time and deliver a message that will stop 1,600 men from walking straight into a deadly trap.","Action, Drama, War","Dean-Charles Chapman, George MacKay, Daniel Mays",Sam Mendes,"Sam Mendes, Krysty Wilson-Cairns","English, French, German","United Kingdom, United States, India, Spain",tt8579674
Snatch,2001,102 min,8.2,"Unscrupulous boxing promoters, violent bookmakers, a Russian gangster, incompetent amateur robbers and supposedly Jewish jewelers fight to track down a priceless stolen diamond.","Comedy, Crime","Jason Statham, Brad Pitt, Stephen Graham",Guy Ritchie,Guy Ritchie,"English, Russian","United Kingdom, United States",tt0208092
The Wolf of Wall Street,2013,180 min,8.2,"Based on the true story of Jordan Belfort, from his rise to a wealthy stock-broker living the high life to his fall involving crime, corruption and the federal government.","Biography, Comedy, Crime","Leonardo DiCaprio, Jonah Hill, Margot Robbie",Martin Scorsese,"Terence Winter, Jordan Belfort","English, French",United States,tt0993846
Downfall,2004,156 min,8.2,"Traudl Junge, the final secretary for Adolf Hitler, tells of the Nazi dictator's final days in his Berlin bunker at the end of WWII.","Biography, Drama, History","Bruno Ganz, Alexandra Maria Lara, Ulrich Matthes",Oliver Hirschbiegel,"Bernd Eichinger, Joachim Fest, Traudl Junge","German, Russian, French, Hungarian, English","Germany, Austria, Italy",tt0363163
The Truman Show,1998,103 min,8.2,An insurance salesman begins to suspect that his whole life is actually some sort of reality TV show.,"Comedy, Drama","Jim Carrey, Ed Harris, Laura Linney",Peter Weir,Andrew Niccol,English,United States,tt0120382
L.A. Confidential,1997,138 min,8.2,"As corruption grows in 1950s Los Angeles, three policemen - one strait-laced, one brutal, and one sleazy - investigate a series of murders with their own brand of justice.","Crime, Drama, Mystery","Kevin Spacey, Russell Crowe, Guy Pearce",Curtis Hanson,"James Ellroy, Brian Helgeland, Curtis Hanson",English,United States,tt0119488
Dangal,2016,161 min,8.3,"Mahavir Singh Phogat, a former wrestler, decides to fulfill his dream of winning a gold medal for his country by training his daughters for the Commonwealth Games despite the existing social stigmas.","Action, Biography, Drama","Aamir Khan, Sakshi Tanwar, Fatima Sana Shaikh",Nitesh Tiwari,"Piyush Gupta, Shreyas Jain, Nikhil Mehrotra","Hindi, English","India, United States",tt5074352
Shutter Island,2010,138 min,8.2,Two US marshals are sent to a mental institution on an inhospitable island in order to investigate the disappearance of a patient.,"Drama, Mystery, Thriller","Leonardo DiCaprio, Emily Mortimer, Mark Ruffalo",Martin Scorsese,"Laeta Kalogridis, Dennis Lehane","English, German","Canada, United States",tt1130884
Bicycle Thieves,1948,89 min,8.2,"In post-war Italy, a working-class man's bicycle is stolen, endangering his efforts to find work. He and his son set out to find it.",Drama,"Lamberto Maggiorani, Enzo Staiola, Lianella Carell",Vittorio De Sica,"Cesare Zavattini, Luigi Bartolini, Oreste Biancoli","Italian, German",Italy,tt0040522
Green Book,2018,130 min,8.2,A working-class Italian-American bouncer becomes the driver for an African-American classical pianist on a tour of venues through the 1960s American South.,"Biography, Comedy, Drama","Viggo Mortensen, Mahershala Ali, Linda Cardellini",Peter Farrelly,"Nick Vallelonga, Brian Hayes Currie, Peter Farrelly","English, Italian, Russian, German","United States, China, Japan",tt6966692
Oppenheimer,2023,180 min,8.2,"A dramatization of the life story of J. Robert Oppenheimer, the physicist who had a large hand in the development of the atomic bombs that brought an end to World War II.","Biography, Drama, History","Cillian Murphy, Emily Blunt, Matt Damon",Christopher Nolan,"Christopher Nolan, Kai Bird, Martin Sherwin","English, German, Italian, Dutch","United States, United Kingdom",tt15398776
Judgment at Nuremberg,1961,179 min,8.3,"Fictionalized depiction of the 1947 Judges' Trial, the third of 12 trials of Nazi war criminals conducted by the American occupying forces in Nuremberg, Germany, in which former judges of Nazi Germany were tried for their actions.","Drama, History, War","Spencer Tracy, Burt Lancaster, Richard Widmark",Stanley Kramer,"Abby Mann, Montgomery Clift","English, German",United States,tt0055031
Project Hail Mary,2026,156 min,8.3,"A science teacher wakes up alone on a spaceship. As his memory returns, he uncovers a mission to stop a mysterious substance killing Earth's sun, and realizes that an unexpected friendship may be the key.","Adventure, Comedy, Drama","Ryan Gosling, Sandra Hüller, James Ortiz","Phil Lord, Christopher Miller","Drew Goddard, Andy Weir",English,United States,tt12042730
Batman Begins,2005,140 min,8.2,"After witnessing his parents' death, billionaire Bruce Wayne learns the art of fighting to confront injustice. When he returns to Gotham as Batman, he must stop a secret society that intends to destroy the city.","Action, Crime, Drama","Christian Bale, Michael Caine, Ken Watanabe",Christopher Nolan,"Bob Kane, David S. Goyer, Christopher Nolan","English, Mandarin","United States, United Kingdom",tt0372784
Jurassic Park,1993,127 min,8.2,"An industrialist invites some experts to visit his theme park of cloned dinosaurs. After a power failure, the creatures run loose, putting everyone's lives, including his grandchildren's, in danger.","Action, Adventure, Sci-Fi","Sam Neill, Laura Dern, Jeff Goldblum",Steven Spielberg,"Michael Crichton, David Koepp","English, Spanish",United States,tt0107290
For a Few Dollars More,1967,132 min,8.2,Two bounty killers with similar intentions but different motivations team up to take down a psychotic Mexican outlaw before he and his gang can carry out an audacious bank robbery.,"Drama, Western","Clint Eastwood, Lee Van Cleef, Gian Maria Volontè",Sergio Leone,"Sergio Leone, Fulvio Morsella, Luciano Vincenzoni","English, Italian","Italy, Spain, West Germany",tt0059578
Hamilton,2020,160 min,8.3,"The real life of one of America's foremost founding fathers and first Secretary of the Treasury, Alexander Hamilton. Captured live on Broadway from the Richard Rodgers Theater with the original Broadway cast.","Biography, Drama, History","Lin-Manuel Miranda, Phillipa Soo, Leslie Odom Jr.",Thomas Kail,"Lin-Manuel Miranda, Ron Chernow","English, French",United States,tt8503618
Taxi Driver,1976,114 min,8.2,"A mentally unstable veteran works as a nighttime taxi driver in New York City, where the perceived decadence and sleaze fuels his urge for violent action.","Crime, Drama","Robert De Niro, Jodie Foster, Cybill Shepherd",Martin Scorsese,Paul Schrader,"English, Spanish",United States,tt0075314
Some Like It Hot,1959,121 min,8.2,"After two male musicians witness a mob hit, they flee the state in an all-female band disguised as women, but further complications set in.","Comedy, Music, Romance","Marilyn Monroe, Tony Curtis, Jack Lemmon",Billy Wilder,"Billy Wilder, I.A.L. Diamond, Robert Thoeren","English, French",United States,tt0053291
There Will Be Blood,2007,158 min,8.2,"A story of family, religion, hatred, oil and madness, focusing on a turn-of-the-century prospector in the early days of the business.",Drama,"Daniel Day-Lewis, Paul Dano, Ciarán Hinds",Paul Thomas Anderson,"Paul Thomas Anderson, Upton Sinclair","English, American Sign ",United States,tt0469494
The Father,2020,97 min,8.2,"A man refuses all assistance from his daughter as he ages. When he tries to understand what is happening around him, he begins to doubt his loved ones, his own mind and even the fabric of his reality.","Drama, Mystery","Anthony Hopkins, Olivia Colman, Mark Gatiss",Florian Zeller,"Christopher Hampton, Florian Zeller",English,"United Kingdom, France, United States",tt10272386
The Kid,1921,68 min,8.2,"The Tramp cares for an abandoned child, but events put their relationship in jeopardy.","Comedy, Drama, Family","Charles Chaplin, Edna Purviance, Jackie Coogan",Charles Chaplin,Charles Chaplin,"None, English",United States,tt0012349
All About Eve,1950,138 min,8.2,A seemingly timid but secretly ruthless ingénue insinuates herself into the lives of an aging Broadway star and her circle of theater friends.,Drama,"Bette Davis, Anne Baxter, George Sanders",Joseph L. Mankiewicz,"Joseph L. Mankiewicz, Mary Orr","English, French",United States,tt0042192
The Sixth Sense,1999,107 min,8.2,"After being shot by a resentful former patient whom he failed to help, a Philadelphia child psychologist seeks redemption by treating a young boy with a disturbing secret.","Drama, Mystery, Thriller","Bruce Willis, Haley Joel Osment, Toni Collette",M. Night Shyamalan,M. Night Shyamalan,"English, Latin, Spanish",United States,tt0167404
Ran,1985,160 min,8.2,"In Medieval Japan, an elderly warlord retires, handing over his empire to his three sons. However, he vastly underestimates how the new-found power will corrupt them and cause them to turn on each other...and him.","Action, Drama, War","Tatsuya Nakadai, Akira Terao, Jinpachi Nezu",Akira Kurosawa,"Akira Kurosawa, Hideo Oguni, Masato Ide",Japanese,"Japan, France",tt0089881
Casino,1995,178 min,8.2,"In Las Vegas, two best friends--a casino executive and a Mafia enforcer--compete for a gambling empire and a fast-living, fast-loving socialite.","Crime, Drama","Robert De Niro, Sharon Stone, Joe Pesci",Martin Scorsese,"Nicholas Pileggi, Martin Scorsese",English,"United States, France",tt0112641
The Thing,1982,109 min,8.2,A research team in Antarctica is hunted by a shape-shifting alien that assumes the appearance of its victims.,"Horror, Mystery, Sci-Fi","Kurt Russell, Wilford Brimley, Keith David",John Carpenter,"Bill Lancaster, John W. Campbell Jr.","English, Norwegian",United States,tt0084787
No Country for Old Men,2007,122 min,8.2,Violence and mayhem ensue after a hunter stumbles upon the aftermath of a drug deal gone wrong and over two million dollars in cash near the Rio Grande.,"Crime, Drama, Thriller","Tommy Lee Jones, Javier Bardem, Josh Brolin","Ethan Coen, Joel Coen","Joel Coen, Ethan Coen, Cormac McCarthy","English, Spanish",United States,tt0477348
Prisoners,2013,153 min,8.2,A desperate father takes the law into his own hands after police fail to find two kidnapped girls.,"Crime, Drama, Mystery","Hugh Jackman, Jake Gyllenhaal, Viola Davis",Denis Villeneuve,Aaron Guzikowski,English,United States,tt1392214
Top Gun: Maverick,2022,130 min,8.2,"The story involves Maverick confronting his past while training a group of younger Top Gun graduates, including the son of his deceased best friend, for a dangerous mission.","Action, Drama","Tom Cruise, Jennifer Connelly, Miles Teller",Joseph Kosinski,"Ehren Kruger, Eric Warren Singer, Christopher McQuarrie",English,United States,tt1745960
Kill Bill: Vol. 1,2003,111 min,8.2,"After waking from a four-year coma, a former assassin wreaks vengeance on the team of assassins who betrayed her.","Action, Crime, Thriller","Uma Thurman, David Carradine, Daryl Hannah",Quentin Tarantino,"Quentin Tarantino, Uma Thurman","English, Japanese, French",United States,tt0266697
Unforgiven,1992,130 min,8.2,"Retired Old West gunslinger Will Munny reluctantly takes on one last job to avenge an injustice with the help of his old partner and a young would-be gunman calling himself ""The Schofield Kid"".","Drama, Western","Clint Eastwood, Gene Hackman, Morgan Freeman",Clint Eastwood,David Webb Peoples,English,United States,tt0105695
Pan's Labyrinth,2007,118 min,8.2,"In 1944 Francoist Spain, an imaginative young girl meets a faun who tells her she's a princess and that she must prove her worthiness by completing three dangerous tasks.","Drama, Fantasy, War","Ivana Baquero, Ariadna Gil, Sergi López",Guillermo del Toro,Guillermo del Toro,Spanish,"Mexico, Spain",tt0457430
A Beautiful Mind,2002,135 min,8.2,"A mathematical genius, John Nash made an astonishing discovery early in his career and stood on the brink of international acclaim. But Nash soon found himself on a harrowing journey of self-discovery.","Biography, Drama, Mystery","Russell Crowe, Ed Harris, Jennifer Connelly",Ron Howard,"Akiva Goldsman, Sylvia Nasar",English,United States,tt0268978
Howl's Moving Castle,2004,119 min,8.2,"When an unconfident young woman is cursed with an old body by a spiteful witch, her only chance of breaking the spell lies with a self-indulgent yet insecure young wizard and his companions in his legged, walking castle.","Animation, Adventure, Family","Chieko Baishô, Takuya Kimura, Tatsuya Gashûin",Hayao Miyazaki,"Diana Wynne Jones, Hayao Miyazaki",Japanese,"Japan, United States",tt0347149
The Treasure of the Sierra Madre,1948,126 min,8.2,Two down-on-their-luck Americans searching for work in 1920s Mexico convince an old prospector to help them mine for gold in the Sierra Madre Mountains.,"Adventure, Drama, Western","Humphrey Bogart, Walter Huston, Tim Holt",John Huston,"John Huston, Bruno Traven","English, Spanish",United States,tt0040897
Finding Nemo,2003,100 min,8.2,"After his son is captured in the Great Barrier Reef and taken to Sydney, a timid clownfish sets out on a journey to bring him home.","Animation, Adventure, Comedy","Albert Brooks, Ellen DeGeneres, Alexander Gould","Andrew Stanton, Lee Unkrich","Andrew Stanton, Bob Peterson, David Reynolds","English, Japanese, Russian","United States, Japan, Australia, Kazakhstan, Armenia",tt0266543
Klaus,2019,96 min,8.2,"A simple act of kindness always sparks another, even in a frozen, faraway place. When Smeerensburg's new postman, Jesper, befriends toymaker Klaus, their gifts melt an age-old feud and deliver a sleigh full of holiday traditions.","Animation, Adventure, Comedy","Jason Schwartzman, J.K. Simmons, Rashida Jones","Sergio Pablos, Carlos Martínez López","Sergio Pablos, Jim Mahoney, Zach Lewis","English, Saami","Spain, United Kingdom, United States, Austria, Canada, France",tt4729430
Yojimbo,1961,110 min,8.2,A crafty ronin comes to a town divided by two criminal gangs and decides to play them against each other to free the town.,"Action, Drama, Thriller","Toshirô Mifune, Eijirô Tôno, Tatsuya Nakadai",Akira Kurosawa,"Akira Kurosawa, Ryûzô Kikushima",Japanese,Japan,tt0055630
The Elephant Man,1980,124 min,8.2,"A Victorian surgeon rescues a heavily-disfigured and mistreated young man working as a sideshow freak, who gradually reveals his capacity for kindness, intelligence and sophistication.","Biography, Drama","Anthony Hopkins, John Hurt, Anne Bancroft",David Lynch,"Christopher De Vore, Eric Bergren, David Lynch","English, French","United States, United Kingdom",tt0080678
The Great Escape,1963,172 min,8.2,Allied officers in a German prisoner of war camp during World War II make a daring plan for a mass escape by hundreds of POWs hoping to draw German personnel and resources away from combat operations.,"Adventure, Drama, Thriller","Steve McQueen, James Garner, Richard Attenborough",John Sturges,"Paul Brickhill, James Clavell, W.R. Burnett","English, German, French, Russian, Spanish",United States,tt0057115
Monty Python and the Holy Grail,1975,91 min,8.2,"King Arthur and his Knights of the Round Table embark on a surreal, low-budget search for the Holy Grail, encountering many, very silly obstacles.","Adventure, Comedy, Fantasy","Graham Chapman, John Cleese, Eric Idle","Terry Gilliam, Terry Jones","Graham Chapman, John Cleese, Eric Idle","English, French, Latin, Swedish",United Kingdom,tt0071853
Demon Slayer: Kimetsu no Yaiba Infinity Castle,2025,155 min,8.4,"The Demon Slayer Corps are drawn into the Infinity Castle, where Tanjiro and the Hashira face terrifying Upper Rank demons in a desperate fight as the final battle against Muzan Kibutsuji begins.","Animation, Action, Adventure","Zach Aguilar, Saeko Akiho, Yôhei Azakami","Haruo Sotozaki, Hikaru Kondô","Koyoharu Gotouge, Hikaru Kondô",Japanese,"Japan, United States",tt32820897
Dial M for Murder,1954,105 min,8.1,"A London playboy plots the perfect murder of his rich, unfaithful wife.","Crime, Drama, Mystery","Ray Milland, Grace Kelly, Robert Cummings",Alfred Hitchcock,Frederick Knott,English,United States,tt0046912
The Secret in Their Eyes,2009,129 min,8.2,A retired legal counselor writes a novel hoping to find closure for one of his past unresolved homicide cases and for his unreciprocated love with his superior--both of which still haunt him decades later.,"Drama, Mystery, Romance","Ricardo Darín, Soledad Villamil, Pablo Rago",Juan José Campanella,"Eduardo Sacheri, Juan José Campanella",Spanish,"Argentina, Spain",tt1305806
Gone with the Wind,1939,238 min,8.2,A sheltered and manipulative Southern belle and a roguish profiteer face off in a turbulent romance as the society around them crumbles with the end of slavery and is rebuilt during the Civil War and Reconstruction periods.,"Drama, Romance, War","Clark Gable, Vivien Leigh, Thomas Mitchell",Victor Fleming,"Margaret Mitchell, Sidney Howard, Oliver H.P. Garrett",English,United States,tt0031381
"Lock, Stock and Two Smoking Barrels",1998,107 min,8.1,"When four small-time criminals lose a rigged poker game against a London kingpin, he gives them one week to settle their enormous debt.","Comedy, Crime","Jason Flemyng, Dexter Fletcher, Nick Moran",Guy Ritchie,Guy Ritchie,English,"United Kingdom, United States",tt0120735
Chinatown,1974,130 min,8.1,"A private detective hired to expose an adulterer in 1930s Los Angeles finds himself caught up in a web of deceit, corruption, and murder.","Drama, Mystery, Thriller","Jack Nicholson, Faye Dunaway, John Huston",Roman Polanski,"Robert Towne, Roman Polanski","English, Cantonese, Spanish",United States,tt0071315
The Best of Youth,2003,374 min,8.5,An Italian epic that follows the lives of two brothers from the 1960s to the 2000s.,"Drama, Romance","Luigi Lo Cascio, Alessio Boni, Jasmine Trinca",Marco Tullio Giordana,"Sandro Petraglia, Stefano Rulli","Italian, English, Norwegian",Italy,tt0346336
V for Vendetta,2006,132 min,8.1,A young woman living in a dystopian society meets a shadowy freedom fighter who is plotting to overthrow their tyrannical government.,"Action, Drama, Sci-Fi","Hugo Weaving, Natalie Portman, Rupert Graves",James McTeigue,"Lilly Wachowski, Lana Wachowski, David Lloyd","English, French, Latin, Spanish",United States,tt0434409
Catch Me If You Can,2002,141 min,8.1,"Barely 17 yet, Frank is a skilled forger who has passed as a doctor, lawyer and pilot. FBI agent Carl becomes obsessed with tracking down the con man, who only revels in the pursuit.","Biography, Crime, Drama","Leonardo DiCaprio, Tom Hanks, Christopher Walken",Steven Spielberg,"Frank Abagnale Jr., Stan Redding, Jeff Nathanson","English, French","United States, Canada",tt0264464
Inside Out,2015,95 min,8.1,"After young Riley is uprooted from her Midwest life and moved to San Francisco, her emotions, Joy, Fear, Anger, Disgust, and Sadness, conflict on how best to navigate a new city, house, and school.","Animation, Adventure, Comedy","Amy Poehler, Bill Hader, Lewis Black","Pete Docter, Ronnie Del Carmen","Pete Docter, Ronnie Del Carmen, Meg LeFauve","English, Portuguese, Latvian",United States,tt2096673
Trainspotting,1996,93 min,8.1,"Renton, deeply immersed in the Edinburgh drug scene, tries to clean up and get out despite the allure of drugs and the influence of friends.","Crime, Drama","Ewan McGregor, Ewen Bremner, Jonny Lee Miller",Danny Boyle,"Irvine Welsh, John Hodge",English,United Kingdom,tt0117951
"Three Billboards Outside Ebbing, Missouri",2017,115 min,8.1,A mother personally challenges the local authorities to solve her daughter's murder when they fail to catch the culprit.,"Comedy, Crime, Drama","Frances McDormand, Woody Harrelson, Sam Rockwell",Martin McDonagh,Martin McDonagh,English,"United Kingdom, United States",tt5027774
Rashomon,1950,88 min,8.1,Three parties and a witness have four versions of a rape/murder in ninth-century Japan.,"Crime, Drama, Mystery","Toshirô Mifune, Machiko Kyô, Masayuki Mori",Akira Kurosawa,"Ryûnosuke Akutagawa, Akira Kurosawa, Shinobu Hashimoto",Japanese,Japan,tt0042876
Dead Poets Society,1989,128 min,8.1,"Maverick teacher John Keating returns in 1959 to the prestigious New England boys' boarding school where he was once a star student, using poetry to embolden his pupils to new heights of self-expression.","Comedy, Drama","Robin Williams, Robert Sean Leonard, Ethan Hawke",Peter Weir,Tom Schulman,"English, Latin, French",United States,tt0097165
The Bridge on the River Kwai,1957,161 min,8.1,"British POWs are forced to build a railway bridge across the river Kwai for their Japanese captors in occupied Burma, not knowing that the allied forces are planning a daring commando raid through the jungle to destroy it.","Adventure, Drama, War","William Holden, Alec Guinness, Jack Hawkins",David Lean,"Pierre Boulle, Carl Foreman, Michael Wilson","English, Japanese, Thai","United Kingdom, United States",tt0050212
Harry Potter and the Deathly Hallows: Part 2,2011,130 min,8.1,"Harry, Ron and Hermione set out on a quest to eliminate the remaining horcruxes. On the other hand, the students and teachers must unite to defend Hogwarts against Lord Voldemort and his army.","Adventure, Family, Fantasy","Daniel Radcliffe, Emma Watson, Rupert Grint",David Yates,"Steve Kloves, J.K. Rowling","English, Latin","United Kingdom, United States",tt1201607
The Wild Robot,2024,102 min,8.2,"After a shipwreck, an intelligent robot called Roz is stranded on an uninhabited island. To survive the harsh environment, Roz bonds with the island's animals and cares for an orphaned baby goose.","Animation, Adventure, Family","Lupita Nyong'o, Pedro Pascal, Kit Connor",Chris Sanders,"Chris Sanders, Peter Brown","English, German, French, Spanish, Swahili, Japanese","United States, Japan",tt29623480
Barry Lyndon,1975,185 min,8.1,An Irish rogue wins the heart of a rich widow and assumes her dead husband's aristocratic position in 18th-century England.,"Adventure, Drama, War","Ryan O'Neal, Marisa Berenson, Patrick Magee",Stanley Kubrick,"Stanley Kubrick, William Makepeace Thackeray","English, German, French","United Kingdom, United States",tt0072684
Ben-Hur,1959,212 min,8.1,"A Jewish prince is betrayed and sent into slavery by a Roman friend in 1st-century Jerusalem, but it's not long before he regains his freedom and comes back for revenge.","Adventure, Drama","Charlton Heston, Jack Hawkins, Stephen Boyd",William Wyler,"Lew Wallace, Karl Tunberg, Maxwell Anderson",English,United States,tt0052618
Warrior,2011,140 min,8.1,"The youngest son of an alcoholic former boxer returns home, where he's trained by his father for competition in a mixed martial arts tournament - a path that puts the fighter on a collision course with his estranged, older brother.","Action, Drama, Sport","Tom Hardy, Nick Nolte, Joel Edgerton",Gavin O'Connor,"Gavin O'Connor, Anthony Tambakis, Cliff Dorfman","English, Spanish",United States,tt1291584
Fargo,1996,98 min,8.1,Minnesota car salesman Jerry Lundegaard's inept crime falls apart due to his and his henchmen's bungling and the persistent police work of the quite pregnant Marge Gunderson.,"Crime, Drama, Thriller","William H. Macy, Frances McDormand, Steve Buscemi","Joel Coen, Ethan Coen","Ethan Coen, Joel Coen",English,"United Kingdom, United States",tt0116282
Million Dollar Baby,2005,132 min,8.1,"Frankie, an ill-tempered old coach, reluctantly agrees to train aspiring boxer Maggie. Impressed with her determination and talent, he helps her become the best and the two soon form a close bond.","Drama, Sport","Hilary Swank, Clint Eastwood, Morgan Freeman",Clint Eastwood,"Paul Haggis, F.X. Toole","English, Irish Gaelic, German",United States,tt0405159
Hacksaw Ridge,2016,139 min,8.1,"World War II American Army Medic Desmond T. Doss, serving during the Battle of Okinawa, refuses to kill people and becomes the first man in American history to receive the Medal of Honor without firing a shot.","Biography, Drama, History","Andrew Garfield, Sam Worthington, Luke Bracey",Mel Gibson,"Robert Schenkkan, Andrew Knight","English, Japanese",United States,tt2119532
Mad Max: Fury Road,2015,120 min,8.1,"In a post-apocalyptic wasteland, a woman rebels against a tyrannical ruler in search for her homeland with the aid of a group of female prisoners, a psychotic worshipper and a drifter named Max.","Action, Adventure, Sci-Fi","Tom Hardy, Charlize Theron, Nicholas Hoult",George Miller,"George Miller, Brendan McCarthy, Nick Lathouris","English, Russian","Australia, United States",tt1392190
Children of Heaven,1997,89 min,8.2,"After a boy loses his sister's pair of shoes, he goes on a series of adventures in order to find them. When he can't, he tries a new way to ""win"" a new pair.","Drama, Family, Sport","Reza Naji, Amir Farrokh Hashemian, Bahare Seddiqi",Majid Majidi,Majid Majidi,Persian,Iran,tt0118849
Raging Bull,1980,129 min,8.1,"The life of boxer Jake LaMotta, whose violence and temper that led him to the top in the ring destroyed his life outside of it.","Biography, Drama, Sport","Robert De Niro, Cathy Moriarty, Joe Pesci",Martin Scorsese,"Jake LaMotta, Joseph Carter, Peter Savage",English,United States,tt0081398
My Neighbor Totoro,1988,86 min,8.1,"When two girls move to the country to be near their ailing mother, they have adventures with the wondrous forest spirits who live nearby.","Animation, Adventure, Comedy","Hitoshi Takagi, Noriko Hidaka, Chika Sakamoto",Hayao Miyazaki,Hayao Miyazaki,Japanese,Japan,tt0096283
Ratatouille,2007,111 min,8.1,A rat who can cook makes an unusual alliance with a young kitchen worker at a famous Paris restaurant.,"Animation, Adventure, Comedy","Brad Garrett, Lou Romano, Patton Oswalt","Brad Bird, Jan Pinkava","Brad Bird, Jan Pinkava, Jim Capobianco","English, French","United States, France",tt0382932
Gran Torino,2008,116 min,8.1,"After a Hmong teenager tries to steal his prized 1972 Gran Torino, a disgruntled, prejudiced Korean War veteran seeks to redeem both the boy and himself.",Drama,"Clint Eastwood, Bee Vang, Christopher Carley",Clint Eastwood,"Nick Schenk, Dave Johannson","English, Hmong","Germany, United States",tt1205489
12 Years a Slave,2013,134 min,8.1,"In the antebellum United States, Solomon Northup, a free black man from upstate New York, is abducted and sold into slavery.","Biography, Drama, History","Chiwetel Ejiofor, Michael Kenneth Williams, Michael Fassbender",Steve McQueen,"John Ridley, Solomon Northup",English,"United Kingdom, United States",tt2024544
The Grand Budapest Hotel,2014,99 min,8.1,"A writer encounters the owner of an aging high-class hotel, who tells him of his early years serving as a lobby boy in the hotel's glorious years under an exceptional concierge.","Comedy, Drama","Ralph Fiennes, F. Murray Abraham, Mathieu Amalric",Wes Anderson,"Stefan Zweig, Wes Anderson, Hugo Guinness","English, French, German","United States, Germany",tt2278388
Memories of Murder,2003,131 min,8.1,"In a small Korean province in 1986, two detectives struggle with the case of multiple young women being found raped and murdered by an unknown culprit.","Crime, Drama, Mystery","Song Kang-ho, Kim Sang-kyung, Kim Roe-ha",Bong Joon Ho,"Bong Joon Ho, Kwang-rim Kim, Sung-bo Shim","Korean, English",South Korea,tt0353969
Before Sunrise,1995,101 min,8.1,"A young man and woman meet on a train in Europe, and wind up spending one evening together in Vienna. Unfortunately, both know that this will probably be their only night together.","Comedy, Drama, Romance","Ethan Hawke, Julie Delpy, Andrea Eckert",Richard Linklater,"Richard Linklater, Kim Krizan","English, German, French","United States, Austria",tt0112471
How to Train Your Dragon,2010,98 min,8.1,"A hapless young Viking who aspires to hunt dragons becomes the unlikely friend of a young dragon himself, and learns there may be more to the creatures than he assumed.","Animation, Action, Adventure","Jay Baruchel, Gerard Butler, Christopher Mintz-Plasse","Dean DeBlois, Chris Sanders","William Davies, Dean DeBlois, Chris Sanders",English,"United Kingdom, France, United States",tt0892769
Blade Runner,1982,117 min,8.1,A blade runner must pursue and terminate four replicants who stole a ship in space and have returned to Earth to find their creator.,"Action, Drama, Sci-Fi","Harrison Ford, Rutger Hauer, Sean Young",Ridley Scott,"Hampton Fancher, David Webb Peoples, Philip K. Dick","English, German, Cantonese, Japanese, Hungarian, Arabic, Korean","United States, United Kingdom, Hong Kong",tt0083658
"Monsters, Inc.",2001,92 min,8.1,"In order to power the city, monsters have to scare children so that they scream. However, the children are toxic to the monsters, and after a child gets through, two monsters realize things may not be what they think.","Animation, Adventure, Comedy","Billy Crystal, John Goodman, Mary Gibbs","Pete Docter, David Silverman, Lee Unkrich","Andrew Stanton, Daniel Gerson, Pete Docter",English,United States,tt0198781
Gone Girl,2014,149 min,8.1,The husband of a missing woman becomes the main suspect in her disappearance.,"Drama, Mystery, Thriller","Ben Affleck, Rosamund Pike, Neil Patrick Harris",David Fincher,Gillian Flynn,English,United States,tt2267998
Spider-Man: No Way Home,2021,148 min,8.1,"With Spider-Man's identity now revealed, Peter asks Doctor Strange for help. When a spell goes wrong, dangerous foes from other worlds start to appear.","Action, Adventure, Fantasy","Tom Holland, Zendaya, Benedict Cumberbatch",Jon Watts,"Chris McKenna, Erik Sommers, Stan Lee","English, Tagalog",United States,tt10872600
Jaws,1975,124 min,8.1,"When a massive killer shark unleashes chaos on a beach community off Long Island, it's up to the local police chief, a marine biologist, and an old seafarer to hunt the beast down.","Adventure, Horror, Thriller","Roy Scheider, Robert Shaw, Richard Dreyfuss",Steven Spielberg,"Peter Benchley, Carl Gottlieb",English,United States,tt0073195
Ford v Ferrari,2019,152 min,8.1,American car designer Carroll Shelby and driver Ken Miles battle corporate interference and the laws of physics to build a revolutionary race car for Ford in order to defeat Ferrari at the 24 Hours of Le Mans in 1966.,"Action, Biography, Drama","Matt Damon, Christian Bale, Jon Bernthal",James Mangold,"Jez Butterworth, John-Henry Butterworth, Jason Keller","English, Italian, French, Japanese",United States,tt1950186
In the Name of the Father,1993,133 min,8.1,"An Irish man's coerced confession to an I.R.A. bombing he did not commit results in the imprisonment of his father as well. Meanwhile, a British lawyer fights to clear their names and free them.","Biography, Crime, Drama","Daniel Day-Lewis, Pete Postlethwaite, Anthony Brophy",Jim Sheridan,"Gerry Conlon, Terry George, Jim Sheridan",English,"Ireland, United Kingdom, United States",tt0107207
Wild Tales,2014,122 min,8.1,Six short stories that explore the extremities of human behavior involving people in distress.,"Comedy, Drama, Thriller","Darío Grandinetti, María Marull, Mónica Villa",Damián Szifron,"Julian Loyola, Germán Servidio, Damián Szifron",Spanish,"Argentina, Spain, France, United Kingdom",tt3011894
The Gold Rush,1925,95 min,8.1,"A prospector goes to the Klondike during the 1890s gold rush in hopes of making his fortune, and is smitten with a girl he sees in a dance hall.","Adventure, Comedy, Drama","Charles Chaplin, Mack Swain, Tom Murray",Charles Chaplin,Charles Chaplin,"None, English",United States,tt0015864
Sherlock Jr.,1924,45 min,8.2,"A film projectionist longs to be a detective, and puts his meagre skills to work when he is framed by a rival for stealing his girlfriend's father's pocketwatch.","Action, Comedy, Romance","Buster Keaton, Kathryn McGuire, Joe Keaton",Buster Keaton,"Jean C. Havez, Joseph A. Mitchell, Clyde Bruckman","None, English",United States,tt0015324
The Chaos Class Failed the Class,1975,95 min,8.1,A young and beautiful female teacher starts working in an all boys high school.,Comedy,"Münir Özkul, Tarik Akan, Kemal Sunal",Ertem Egilmez,"Sadik Sendil, Rifat Ilgaz",Turkish,Turkey,tt0252488
Mary and Max,2009,92 min,8.1,"In 1976 Melbourne, a lonely 8-year-old girl strikes up a correspondence with an unlikely pen pal: a severely obese 44-year-old New Yorker with Asperger's syndrome.","Animation, Comedy, Drama","Toni Collette, Philip Seymour Hoffman, Eric Bana",Adam Elliot,Adam Elliot,"English, Yiddish",Australia,tt0978762
The Deer Hunter,1979,183 min,8.1,The lives of a group of friends are forever changed by the Vietnam War.,"Drama, War","Robert De Niro, Christopher Walken, John Cazale",Michael Cimino,"Michael Cimino, Deric Washburn, Louis Garfinkle","English, Vietnamese, French, Russian, Cantonese","United States, United Kingdom",tt0077416
The Wages of Fear,1953,156 min,8.1,"In a decrepit South American village, four men are hired to transport an urgent nitroglycerine shipment without the equipment that would make it safe.","Adventure, Drama, Thriller","Yves Montand, Charles Vanel, Peter van Eyck",Henri-Georges Clouzot,"Georges Arnaud, Henri-Georges Clouzot, Jérôme Géronimi","French, English, Spanish, German, Italian, Russian","France, Italy",tt0046268
The General,1926,78 min,8.1,"After being rejected by the Confederate military, not realizing it was due to his crucial civilian role, an engineer must single-handedly recapture his beloved locomotive after it is seized by Union spies and return it through ene...","Action, Adventure, Comedy","Buster Keaton, Marion Mack, Glen Cavender","Clyde Bruckman, Buster Keaton","Buster Keaton, Clyde Bruckman, Al Boasberg",,United States,tt0017925
Logan,2017,137 min,8.1,"In a future where mutants are nearly extinct, an elderly and weary Logan leads a quiet life. But when Laura, a mutant child pursued by scientists, comes to him for help, he must get her to safety.","Action, Drama, Sci-Fi","Hugh Jackman, Patrick Stewart, Dafne Keen",James Mangold,"James Mangold, Scott Frank, Michael Green","English, Spanish",United States,tt3315342
Rocky,1976,120 min,8.1,A small-time Philadelphia boxer gets a supremely rare chance to fight the world heavyweight champion in a bout in which he strives to go the distance for his self-respect.,"Drama, Sport","Sylvester Stallone, Talia Shire, Burt Young",John G. Avildsen,Sylvester Stallone,"English, Spanish, Italian",United States,tt0075148
A Silent Voice: The Movie,2016,130 min,8.2,"A deaf girl, Shoko, is bullied by the popular Shoya. As Shoya continues to bully Shoko, the class turns its back on him. Shoko transfers and Shoya grows up as an outcast. Alone and depressed, the regretful Shoya finds Shoko to mak...","Animation, Drama","Miyu Irino, Saori Hayami, Aoi Yûki",Naoko Yamada,"Yoshitoki Ôima, Reiko Yoshida","Japanese, Japanese Sign , English",Japan,tt5323662
Pirates of the Caribbean: The Curse of the Black Pearl,2003,143 min,8.1,An intrepid blacksmith teams up with an eccentric pirate captain to save his love from an undead pirate crew.,"Action, Adventure, Fantasy","Johnny Depp, Geoffrey Rush, Orlando Bloom",Gore Verbinski,"Ted Elliott, Terry Rossio, Stuart Beattie",English,United States,tt0325980
Mr. Smith Goes to Washington,1939,129 min,8.1,"A naive youth leader is appointed to fill a vacancy in the U.S. Senate. His idealistic plans promptly collide with corruption at home and subterfuge from his hero in Washington, but he tries to forge ahead despite attacks on his c...","Comedy, Drama","James Stewart, Jean Arthur, Claude Rains",Frank Capra,"Sidney Buchman, Lewis R. Foster, Myles Connolly",English,United States,tt0031679
Chainsaw Man - The Movie: Reze Arc,2025,100 min,8.4,"Denji encounters a new romantic interest, Reze, who works at a coffee café.","Animation, Action, Adventure","Kikunosuke Toya, Shiori Izawa, Tomori Kusunoki",Tatsuya Yoshihara,"Tatsuki Fujimoto, Hiroshi Seko",Japanese,Japan,tt30472557
Tokyo Story,1953,137 min,8.1,"An old couple visit their children and grandchildren in the city, but receive little attention.",Drama,"Chishû Ryû, Chieko Higashiyama, Sô Yamamura",Yasujirô Ozu,"Kôgo Noda, Yasujirô Ozu","Japanese, English",Japan,tt0046438
La haine,1995,98 min,8.1,24 hours in the lives of three young men in the French suburbs the day after a violent riot.,"Crime, Drama","Vincent Cassel, Hubert Koundé, Saïd Taghmaoui",Mathieu Kassovitz,Mathieu Kassovitz,"French, Yiddish",France,tt0113247
Spotlight,2015,129 min,8.1,"The true story of how the Boston Globe uncovered the massive scandal of child molestation and cover-up within the local Catholic Archdiocese, shaking the entire Catholic Church to its core.","Biography, Crime, Drama","Mark Ruffalo, Michael Keaton, Rachel McAdams",Tom McCarthy,"Josh Singer, Tom McCarthy",English,United States,tt1895587
On the Waterfront,1954,108 min,8.1,"An ex-prize fighter turned New Jersey longshoreman struggles to stand up to his corrupt union bosses, including his older brother, as he starts to connect with the grieving sister of one of the syndicate's victims.","Crime, Drama, Thriller","Marlon Brando, Karl Malden, Lee J. Cobb",Elia Kazan,"Budd Schulberg, Malcolm Johnson, Robert Siodmak","English, Latin",United States,tt0047296
Wild Strawberries,1957,92 min,8.1,"After living a life marked by coldness, an aging professor is forced to confront the emptiness of his existence.","Drama, Romance","Victor Sjöström, Bibi Andersson, Ingrid Thulin",Ingmar Bergman,Ingmar Bergman,"Swedish, Latin",Sweden,tt0050986
The Sound of Music,1965,174 min,8.1,A young novice is sent by her convent in 1930s Austria to become a governess to the seven children of a widowed naval officer.,"Biography, Drama, Family","Julie Andrews, Christopher Plummer, Eleanor Parker",Robert Wise,"Georg Hurdalek, Howard Lindsay, Russel Crouse","English, German",United States,tt0059742
The Terminator,1984,107 min,8.1,A cyborg assassin from the future attempts to find and kill a young woman who is destined to give birth to a warrior that will lead a resistance to save humankind from extinction.,"Action, Adventure, Sci-Fi","Arnold Schwarzenegger, Linda Hamilton, Michael Biehn",James Cameron,"James Cameron, Gale Anne Hurd, William Wisher","English, Spanish","United Kingdom, United States",tt0088247
Maharaja,2024,141 min,8.3,"A barber seeks vengeance after his home is burglarized, cryptically telling police his ""lakshmi"" has been taken, leaving them uncertain if it's a person or object. His quest to recover the elusive ""lakshmi"" unfolds.","Action, Crime, Drama","Vijay Sethupathi, Anurag Kashyap, Mamta Mohandas",Nithilan Saminathan,Nithilan Saminathan,Tamil,India,tt26548265
Jai Bhim,2021,164 min,8.6,"When a tribal man is arrested for a case of alleged theft, his wife turns to a human-rights lawyer to help bring justice.","Crime, Drama","Suriya, Lijo Mol Jose, Manikandan K.",T.J. Gnanavel,"T.J. Gnanavel, Rajendra Sapre",Tamil,"India, United States",tt15097216
The Third Man,1949,104 min,8.1,"Pulp novelist Holly Martins travels to shadowy, postwar Vienna, only to find himself investigating the mysterious death of an old friend, Harry Lime.","Drama, Film-Noir, Mystery","Orson Welles, Joseph Cotten, Alida Valli",Carol Reed,"Graham Greene, Alexander Korda, Carol Reed","English, German, Russian, French","United Kingdom, United States",tt0041959
The Best Years of Our Lives,1946,170 min,8.1,Three traumatized or physically disabled World War II veterans return home to the American Midwest to discover that they and their families have been irreparably changed making readjustment difficult.,"Drama, Romance, War","Myrna Loy, Dana Andrews, Fredric March",William Wyler,"Robert E. Sherwood, MacKinlay Kantor",English,United States,tt0036868
The Big Lebowski,1998,117 min,8.1,"Jeff ""The Dude"" Lebowski, mistaken for a millionaire of the same name, seeks restitution for his ruined rug and enlists his bowling buddies to help get it.","Comedy, Crime","Jeff Bridges, John Goodman, Julianne Moore","Joel Coen, Ethan Coen","Ethan Coen, Joel Coen","English, German, Hebrew, Spanish","United Kingdom, United States",tt0118715
Before Sunset,2004,80 min,8.1,"Nine years after Jesse and Celine first met, they encounter each other again on the French leg of Jesse's book tour.","Drama, Romance","Ethan Hawke, Julie Delpy, Vernon Dobtcheff",Richard Linklater,"Richard Linklater, Julie Delpy, Ethan Hawke","English, French",United States,tt0381681
The Incredibles,2004,115 min,8.0,"While trying to lead a quiet suburban life, a family of undercover superheroes are forced into action to save the world.","Animation, Action, Adventure","Craig T. Nelson, Samuel L. Jackson, Holly Hunter",Brad Bird,Brad Bird,"English, French, German, Italian, Portuguese, Russian",United States,tt0317705
Room,2015,118 min,8.1,"A little boy is held captive in a room with his mother since his birth, so he has never known the world outside.","Drama, Thriller","Brie Larson, Jacob Tremblay, Sean Bridgers",Lenny Abrahamson,Emma Donoghue,English,"Ireland, Canada, United Kingdom, United States",tt3170832
Hachi: A Dog's Tale,2009,93 min,8.1,"Professor Wilson discovers a lost Akita puppy on his way home. Despite objections from his wife, Hachi endears himself to the family and grows to be Parker's loyal companion. As their bond grows deeper, a beautiful relationship un...","Biography, Drama, Family","Richard Gere, Joan Allen, Cary-Hiroyuki Tagawa",Lasse Hallström,"Stephen P. Lindsey, Kaneto Shindô","English, Japanese","United Kingdom, United States",tt1028532
The Seventh Seal,1957,96 min,8.1,"A knight returning to Sweden after the Crusades seeks answers about life, death, and the existence of God as he plays chess against the Grim Reaper during the Black Plague.","Drama, Fantasy","Max von Sydow, Gunnar Björnstrand, Bengt Ekerot",Ingmar Bergman,Ingmar Bergman,"Swedish, Latin",Sweden,tt0050976
Hotel Rwanda,2004,121 min,8.1,"Paul Rusesabagina, a hotel manager, houses over a thousand Tutsi refugees during their struggle against the Hutu militia in Rwanda, Africa.","Biography, Drama, History","Don Cheadle, Sophie Okonedo, Joaquin Phoenix",Terry George,"Keir Pearson, Terry George","English, French, Kinyarwanda","United States, United Kingdom, South Africa, Italy",tt0395169
Platoon,1986,120 min,8.1,"Chris Taylor, a neophyte recruit in Vietnam, finds himself caught in a battle of wills between two sergeants, one good and the other evil. A shrewd examination of the brutality of war and the duality of man in conflict.","Drama, War","Charlie Sheen, Tom Berenger, Willem Dafoe",Oliver Stone,Oliver Stone,"English, Vietnamese","United States, United Kingdom",tt0091763
The Exorcist,1973,122 min,8.1,"When a mysterious entity possesses a young girl, her mother seeks the help of two Catholic priests to save her life.",Horror,"Ellen Burstyn, Max von Sydow, Linda Blair",William Friedkin,William Peter Blatty,"English, Latin, Greek, French, German, Arabic, Kurdish",United States,tt0070047
The Iron Giant,1999,86 min,8.1,A young boy befriends a giant robot from outer space that a paranoid government agent wants to destroy.,"Animation, Action, Adventure","Eli Marienthal, Harry Connick Jr., Jennifer Aniston",Brad Bird,"Tim McCanlies, Brad Bird, Ted Hughes",English,"United States, Czech Republic, United Kingdom",tt0129167
Rush,2013,123 min,8.1,"James Hunt and Niki Lauda, two extremely skilled Formula One racers, have an intense rivalry with each other. However, it is their enmity that pushes them to their limits.","Biography, Drama, Sport","Daniel Brühl, Chris Hemsworth, Olivia Wilde",Ron Howard,Peter Morgan,"English, German, Italian, French, Japanese, Spanish","United Kingdom, United States",tt1979320
The Wizard of Oz,1939,102 min,8.1,"Young Dorothy Gale and her dog Toto are swept away by a tornado from their Kansas farm to the magical Land of Oz and embark on a quest with three new friends to see the Wizard, who can return her to her home and fulfill the others...","Adventure, Family, Fantasy","Judy Garland, Frank Morgan, Ray Bolger","Victor Fleming, George Cukor, Norman Taurog","Noel Langley, Florence Ryerson, Edgar Allan Woolf",English,United States,tt0032138
Stand by Me,1986,89 min,8.1,A writer recounts a childhood journey with his friends to find the body of a missing boy.,"Adventure, Comedy, Drama","Wil Wheaton, River Phoenix, Corey Feldman",Rob Reiner,"Stephen King, Raynold Gideon, Bruce A. Evans",English,United States,tt0092005
The Battle of Algiers,1966,121 min,8.1,"In the 1950s, fear and violence escalate as the people of Algiers fight for independence from the French government.","Drama, War","Brahim Hadjadj, Jean Martin, Yacef Saadi",Gillo Pontecorvo,"Franco Solinas, Gillo Pontecorvo","Arabic, French, English, Spanish","Italy, Algeria",tt0058946
My Father and My Son,2005,112 min,8.2,The family of a left-wing journalist is torn apart after the military coup of Turkey in 1980.,"Drama, Family","Çetin Tekindor, Fikret Kuskan, Hümeyra",Çagan Irmak,Çagan Irmak,Turkish,Turkey,tt0476735
The Passion of Joan of Arc,1928,114 min,8.1,"In 1431, Jeanne d'Arc is placed on trial on charges of heresy, and the ecclesiastical jurists attempt to force her to recant her claims of holy visions.","Biography, Drama, History","Maria Falconetti, Eugene Silvain, André Berley",Carl Theodor Dreyer,"Joseph Delteil, Carl Theodor Dreyer","None, French, Latin",France,tt0019254
Obsession,2026,108 min,8.2,"After breaking the mysterious ""One Wish Willow"" to win his crush's heart, a hopeless romantic finds himself getting exactly what he asked for but soon discovers that some desires come at a dark, sinister price.","Horror, Romance, Thriller","Michael Johnston, Inde Navarrette, Cooper Tomlinson",Curry Barker,Curry Barker,English,United States,tt37287335
The Handmaiden,2016,145 min,8.1,"In 1930s Korea, a girl is hired as a handmaiden to a Japanese heiress who lives a secluded life on a countryside estate. But the maid has a secret: She is a pickpocket recruited by a swindler to help seduce the Lady and steal her ...","Drama, Romance, Thriller","Kim Min-hee, Ha Jung-woo, Cho Jin-woong",Park Chan-wook,"Chung Seo-kyung, Sarah Waters, Park Chan-wook","Korean, Japanese",South Korea,tt4016934
Network,1976,121 min,8.1,"A television network cynically exploits a deranged former anchor's ravings and revelations about mass media for its own profit, but finds that his message may be difficult to control.",Drama,"Faye Dunaway, William Holden, Peter Finch",Sidney Lumet,Paddy Chayefsky,English,United States,tt0074958
Drishyam,2015,163 min,8.2,"Desperate measures are taken by a man who tries to save his family from the dark side of the law, after they commit an unexpected crime.","Crime, Drama, Mystery","Ajay Devgn, Shriya Saran, Tabu",Nishikant Kamat,"Jeethu Joseph, Upendra Sidhaye","Hindi, English",India,tt4430212
